feature,psi,ks_statistic,ks_p_value,reference_missing_rate,current_missing_rate,missing_rate_delta,verdict
id_23,13.682634,,,0.991,0.989617,-0.001383,significant
id_27,13.68254,,,0.991,0.989617,-0.001383,significant
id_31,13.207029,,,0.75355,0.73205,-0.0215,significant
D9_anchored,12.446633,1.0,0.0,0.871317,0.85565,-0.015667,significant
id_30,12.260991,,,0.859383,0.859567,0.000183,significant
id_34,12.10751,,,0.859283,0.85645,-0.002833,significant
id_33,11.921635,,,0.868533,0.859533,-0.009,significant
os_family,11.742772,,,0.859383,0.859567,0.000183,significant
DeviceInfo,11.045895,,,0.791233,0.77515,-0.016083,significant
device_vendor,10.879225,,,0.791233,0.77515,-0.016083,significant
browser_family,10.798844,,,0.75355,0.73205,-0.0215,significant
id_16,10.481892,,,0.772917,0.753667,-0.01925,significant
R_emaildomain,10.315725,,,0.761117,0.735317,-0.0258,significant
r_email_suffix,10.315507,,,0.76135,0.73555,-0.0258,significant
r_email_provider,10.315218,,,0.761117,0.735317,-0.0258,significant
id_38,10.235449,,,0.752883,0.731517,-0.021367,significant
DeviceType,10.19923,,,0.753233,0.73155,-0.021683,significant
id_36,10.194009,,,0.752883,0.731517,-0.021367,significant
id_35,10.191742,,,0.752883,0.731517,-0.021367,significant
id_15,10.190825,,,0.752883,0.731517,-0.021367,significant
id_37,10.190548,,,0.752883,0.731517,-0.021367,significant
id_29,10.190422,,,0.752883,0.7317,-0.021183,significant
id_28,10.190413,,,0.752883,0.7317,-0.021183,significant
id_12,10.111359,,,0.747383,0.722633,-0.02475,significant
M9,8.558465,,,0.631733,0.46125,-0.170483,significant
M7,8.556524,,,0.63175,0.461267,-0.170483,significant
M8,8.556507,,,0.631733,0.46125,-0.170483,significant
M5,8.011671,,,0.602,0.608417,0.006417,significant
M2,6.693193,,,0.502017,0.346167,-0.15585,significant
M3,6.691865,,,0.502017,0.346167,-0.15585,significant
M1,6.690034,,,0.502017,0.346167,-0.15585,significant
M4,6.360902,,,0.485483,0.470367,-0.015117,significant
D13_anchored,5.498704,0.964744,0.0,0.898467,0.758433,-0.140033,significant
D3_anchored,4.757932,0.947629,0.0,0.458983,0.400367,-0.058617,significant
D5_anchored,4.165478,0.908408,0.0,0.532833,0.44275,-0.090083,significant
D14_anchored,4.035657,0.886267,0.0,0.896067,0.7743,-0.121767,significant
D7_anchored,3.822841,0.879649,0.0,0.937117,0.883417,-0.0537,significant
M6,3.749277,,,0.297367,0.311183,0.013817,significant
D12_anchored,3.740929,0.846713,0.0,0.890433,0.86715,-0.023283,significant
D6_anchored,3.556954,0.844938,0.0,0.8777,0.757517,-0.120183,significant
D1_anchored,2.608874,0.754652,0.0,0.002133,0.011833,0.0097,significant
D8_anchored,2.344672,0.72021,0.0,0.871317,0.85565,-0.015667,significant
browser_version_major,2.094271,0.54692,0.0,0.802867,0.734433,-0.068433,significant
D10_anchored,2.059857,0.676248,0.0,0.140667,0.02475,-0.115917,significant
D4_anchored,1.939954,0.654697,0.0,0.29555,0.1522,-0.14335,significant
p_email_suffix,1.880472,,,0.1569,0.138467,-0.018433,significant
P_emaildomain,1.871913,,,0.1559,0.137333,-0.018567,significant
p_email_provider,1.871406,,,0.1559,0.137333,-0.018567,significant
D2_anchored,1.827627,0.587324,0.0,0.48595,0.46405,-0.0219,significant
id_13,1.771792,0.498206,0.0,0.7796,0.745533,-0.034067,significant
D15_anchored,1.694211,0.604181,0.0,0.164917,0.02395,-0.140967,significant
D11_anchored,1.512977,0.556701,0.0,0.518733,0.345967,-0.172767,significant
id_21,0.872176,0.375894,0.0,0.991017,0.989617,-0.0014,significant
n_missing_v,0.599356,0.18095,0.0,0.0,0.0,0.0,significant
n_missing_total,0.470399,0.195383,0.0,0.0,0.0,0.0,significant
n_missing_d,0.383041,0.206783,0.0,0.0,0.0,0.0,significant
V309,0.25,0.00165,0.99999734,0.0,0.0,0.0,significant
V161,0.25,0.006361,0.99282461,0.851767,0.849867,-0.0019,significant
V162,0.25,0.006896,0.9821294,0.851767,0.849867,-0.0019,significant
V163,0.25,0.006843,0.98350247,0.851767,0.849867,-0.0019,significant
V68,0.25,0.023084,0.0,0.1423,0.025183,-0.117117,significant
V65,0.25,0.000252,1.0,0.1423,0.025183,-0.117117,significant
V311,0.25,0.003733,0.79573328,0.0,0.0,0.0,significant
V169,0.25,0.00446,0.99787595,0.755217,0.7325,-0.022717,significant
V235,0.25,0.012445,0.21327867,0.768267,0.751467,-0.0168,significant
V316,0.25,0.00365,0.81757961,0.0,0.0,0.0,significant
V327,0.25,0.009815,0.77269628,0.851167,0.84845,-0.002717,significant
id_04,0.25,0.005048,0.99998386,0.8876,0.871417,-0.016183,significant
V146,0.25,0.004212,0.99999771,0.851767,0.849867,-0.0019,significant
V142,0.25,0.006124,0.99558206,0.851767,0.849867,-0.0019,significant
V339,0.25,0.026137,0.00413839,0.851167,0.84845,-0.002717,significant
V338,0.25,0.029212,0.00089003,0.851167,0.84845,-0.002717,significant
V337,0.25,0.02204,0.02460689,0.851167,0.84845,-0.002717,significant
V336,0.25,0.010569,0.68963218,0.851167,0.84845,-0.002717,significant
V335,0.25,0.013094,0.41744731,0.851167,0.84845,-0.002717,significant
V141,0.25,0.005911,0.99729721,0.851767,0.849867,-0.0019,significant
V334,0.25,0.002357,1.0,0.851167,0.84845,-0.002717,significant
V328,0.25,0.021319,0.03262448,0.851167,0.84845,-0.002717,significant
V329,0.25,0.028019,0.0016484,0.851167,0.84845,-0.002717,significant
V138,0.25,0.00357,0.99999999,0.851767,0.849867,-0.0019,significant
V129,0.25,0.00251,0.99132641,0.0002,0.0,-0.0002,significant
V137,0.25,0.01644,1.8e-07,0.0002,0.0,-0.0002,significant
V330,0.25,0.025066,0.00678899,0.851167,0.84845,-0.002717,significant
V132,0.25,0.006227,0.19430482,0.0002,0.0,-0.0002,significant
V133,0.25,0.014467,6.97e-06,0.0002,0.0,-0.0002,significant
V134,0.25,0.01073,0.0019861,0.0002,0.0,-0.0002,significant
V147,0.25,0.005625,0.99872496,0.851767,0.849867,-0.0019,significant
V326,0.25,0.011709,0.56145622,0.851167,0.84845,-0.002717,significant
V318,0.25,0.0084,0.02883715,0.0,0.0,0.0,significant
id_10,0.25,0.003401,1.0,0.871317,0.85565,-0.015667,significant
id_22,0.25,0.008403,1.0,0.991,0.989617,-0.001383,significant
V88,0.25,0.000582,1.0,0.16495,0.02395,-0.141,significant
V89,0.25,0.022436,0.0,0.16495,0.02395,-0.141,significant
V301,0.25,0.010064,0.00475775,0.002133,0.011833,0.0097,significant
V319,0.25,0.013533,3.346e-05,0.0,0.0,0.0,significant
V237,0.25,0.015624,0.05900433,0.768267,0.751467,-0.0168,significant
V320,0.25,0.02135,0.0,0.0,0.0,0.0,significant
V94,0.25,0.011426,0.00172068,0.16495,0.02395,-0.141,significant
V321,0.25,0.016417,1.9e-07,0.0,0.0,0.0,significant
V325,0.25,0.001558,1.0,0.851167,0.84845,-0.002717,significant
V98,0.25,0.002477,0.99262585,0.0002,0.0,-0.0002,significant
V101,0.25,0.004661,0.53085624,0.0002,0.0,-0.0002,significant
V102,0.25,0.012834,0.00010123,0.0002,0.0,-0.0002,significant
V103,0.25,0.009131,0.01337352,0.0002,0.0,-0.0002,significant
V104,0.25,0.013192,5.793e-05,0.0002,0.0,-0.0002,significant
V105,0.25,0.022736,0.0,0.0002,0.0,-0.0002,significant
V106,0.25,0.016423,1.9e-07,0.0002,0.0,-0.0002,significant
V107,0.25,0.000183,1.0,0.0002,0.0,-0.0002,significant
id_11,0.25,0.008423,0.64082672,0.752883,0.7317,-0.021183,significant
identity_present,0.25,0.02475,0.0,0.0,0.0,0.0,significant
V297,0.25,0.013533,3.346e-05,0.0,0.0,0.0,significant
is_night,0.25,0.018817,0.0,0.0,0.0,0.0,significant
V214,0.25,0.009707,0.4618238,0.755433,0.731817,-0.023617,significant
V252,0.25,0.001216,1.0,0.768267,0.751467,-0.0168,significant
V253,0.25,0.002886,0.99999998,0.768267,0.751467,-0.0168,significant
V254,0.25,0.002747,1.0,0.768267,0.751467,-0.0168,significant
V266,0.25,0.005831,0.96608873,0.768267,0.751467,-0.0168,significant
V269,0.25,0.001986,1.0,0.768267,0.751467,-0.0168,significant
V270,0.25,0.008033,0.69724025,0.751833,0.731717,-0.020117,significant
V206,0.25,0.006555,0.89418985,0.755433,0.731817,-0.023617,significant
V205,0.25,0.005206,0.98473798,0.755433,0.731817,-0.023617,significant
V271,0.25,0.006866,0.85659125,0.751833,0.731717,-0.020117,significant
V272,0.25,0.008145,0.68069841,0.751833,0.731717,-0.020117,significant
V276,0.25,0.012445,0.21327867,0.768267,0.751467,-0.0168,significant
V278,0.25,0.015624,0.05900433,0.768267,0.751467,-0.0168,significant
V199,0.25,0.005501,0.97335992,0.755433,0.731817,-0.023617,significant
V281,0.25,0.001994,0.99977012,0.002133,0.011833,0.0097,significant
V284,0.25,0.0018,0.99997337,0.0,0.0,0.0,significant
V249,0.25,0.001144,1.0,0.768267,0.751467,-0.0168,significant
V215,0.25,0.017109,0.02210943,0.755433,0.731817,-0.023617,significant
V286,0.25,0.00235,0.99628795,0.0,0.0,0.0,significant
V216,0.25,0.012672,0.1685278,0.755433,0.731817,-0.023617,significant
V238,0.25,0.005718,0.96078726,0.751833,0.731717,-0.020117,significant
V239,0.25,0.005812,0.95495631,0.751833,0.731717,-0.020117,significant
V240,0.25,0.000144,1.0,0.768267,0.751467,-0.0168,significant
V241,0.25,8.7e-05,1.0,0.768267,0.751467,-0.0168,significant
V242,0.25,0.005662,0.97417938,0.768267,0.751467,-0.0168,significant
V243,0.25,0.004095,0.99970864,0.768267,0.751467,-0.0168,significant
V227,0.25,0.007301,0.80129167,0.751833,0.731717,-0.020117,significant
V226,0.25,0.003057,0.99999987,0.768267,0.751467,-0.0168,significant
V244,0.25,0.00502,0.9930877,0.768267,0.751467,-0.0168,significant
V223,0.25,0.005556,0.97854939,0.768267,0.751467,-0.0168,significant
V246,0.25,0.007751,0.77725767,0.768267,0.751467,-0.0168,significant
V247,0.25,0.001042,1.0,0.768267,0.751467,-0.0168,significant
C3,0.25,0.02165,0.0,0.0,1.7e-05,1.7e-05,significant
V220,0.25,0.002855,0.99999996,0.751833,0.731717,-0.020117,significant
V248,0.25,0.001985,1.0,0.768267,0.751467,-0.0168,significant
is_weekend,0.25,0.005567,0.30925941,0.0,0.0,0.0,significant
V196,0.25,0.002457,1.0,0.755433,0.731817,-0.023617,significant
V290,0.25,0.011383,0.00083388,0.0,0.0,0.0,significant
V28,0.25,0.022492,0.0,0.140717,0.024833,-0.115883,significant
V183,0.25,0.012672,0.1685278,0.755433,0.731817,-0.023617,significant
V182,0.25,0.017109,0.02210943,0.755433,0.731817,-0.023617,significant
V181,0.25,0.009707,0.4618238,0.755433,0.731817,-0.023617,significant
V296,0.25,0.025293,0.0,0.002133,0.011833,0.0097,significant
V41,0.25,0.000553,1.0,0.2956,0.152217,-0.143383,significant
V136,0.25,0.022753,0.0,0.0002,0.0,-0.0002,significant
V298,0.25,0.0212,0.0,0.0,0.0,0.0,significant
device_info_is_missing,0.25,0.016083,3.6e-07,0.0,0.0,0.0,significant
r_email_is_missing,0.25,0.0258,0.0,0.0,0.0,0.0,significant
V299,0.25,0.016417,1.9e-07,0.0,0.0,0.0,significant
p_email_is_missing,0.25,0.018567,0.0,0.0,0.0,0.0,significant
is_round_amount,0.25,0.0151,2.26e-06,0.0,0.0,0.0,significant
V300,0.25,0.008226,0.03529477,0.002133,0.011833,0.0097,significant
V173,0.25,0.001069,1.0,0.755433,0.731817,-0.023617,significant
V172,0.25,0.004335,0.99862416,0.755433,0.731817,-0.023617,significant
V184,0.25,0.008263,0.66840891,0.755217,0.7325,-0.022717,significant
n_missing_c,0.25,0.009517,0.00867523,0.0,0.0,0.0,significant
V293,0.25,0.002317,0.996961,0.0,0.0,0.0,significant
V295,0.25,0.006033,0.22394523,0.0,0.0,0.0,significant
V1,0.25,0.000104,1.0,0.518733,0.345967,-0.172767,significant
V193,0.25,0.002738,0.99999999,0.755433,0.731817,-0.023617,significant
V192,0.25,0.004297,0.99880281,0.755433,0.731817,-0.023617,significant
V191,0.25,0.002222,1.0,0.755433,0.731817,-0.023617,significant
V190,0.25,0.007277,0.80820749,0.755433,0.731817,-0.023617,significant
V135,0.25,0.013208,5.642e-05,0.0002,0.0,-0.0002,significant
V187,0.25,0.007322,0.80226821,0.755433,0.731817,-0.023617,significant
V186,0.25,0.002365,1.0,0.755433,0.731817,-0.023617,significant
V185,0.25,0.010535,0.35988444,0.755217,0.7325,-0.022717,significant
V14,0.25,0.00037,1.0,0.140717,0.024833,-0.115883,significant
V27,0.25,0.022477,0.0,0.140717,0.024833,-0.115883,significant
id_18,0.191987,0.101992,0.0,0.920933,0.899667,-0.021267,moderate
n_missing_m,0.183446,0.171,0.0,0.0,0.0,0.0,moderate
id_26,0.137301,0.079211,0.04992706,0.991,0.989667,-0.001333,moderate
D11,0.136099,0.140068,0.0,0.518733,0.345967,-0.172767,moderate
V150,0.119908,0.087632,0.0,0.851767,0.8493,-0.002467,moderate
D15,0.108198,0.140474,0.0,0.164917,0.02395,-0.140967,moderate
id_19,0.086402,0.057057,0.0,0.75515,0.733833,-0.021317,stable
id_08,0.083867,0.079022,0.05070626,0.991033,0.989617,-0.001417,stable
id_20,0.083027,0.092845,0.0,0.755067,0.73445,-0.020617,stable
screen_aspect,0.063128,0.060597,0.0,0.868533,0.859533,-0.009,stable
V151,0.060004,0.060694,0.0,0.851767,0.8493,-0.002467,stable
D4,0.057808,0.11162,0.0,0.29555,0.1522,-0.14335,stable
id_07,0.055423,0.100431,0.00537055,0.991033,0.989617,-0.001417,stable
id_25,0.055064,0.06035,0.23267937,0.991033,0.989683,-0.00135,stable
id_02,0.054441,0.061569,0.0,0.753133,0.731517,-0.021617,stable
dist2,0.04893,0.070245,0.0,0.932933,0.928633,-0.0043,stable
id_01,0.044355,0.065148,0.0,0.747383,0.722633,-0.02475,stable
id_24,0.042676,0.093337,0.01693304,0.9917,0.99025,-0.00145,stable
D12,0.039651,0.093816,0.0,0.890433,0.86715,-0.023283,stable
D10,0.036855,0.093326,0.0,0.140667,0.02475,-0.115917,stable
os_version_major,0.029591,0.161866,0.0,0.865067,0.8646,-0.000467,stable
V143,0.027549,0.049767,0.0,0.851767,0.8493,-0.002467,stable
screen_width,0.025435,0.059524,0.0,0.868533,0.859533,-0.009,stable
card4,0.023841,,,0.0019,0.006133,0.004233,stable
V144,0.023618,0.040914,5.8e-07,0.851767,0.8493,-0.002467,stable
entity_card_full_amt_mean_168h,0.022996,0.046992,0.0,0.199167,0.2153,0.016133,stable
screen_height,0.022845,0.055465,0.0,0.868533,0.859533,-0.009,stable
entity_card_addr_amt_mean_168h,0.022402,0.046106,0.0,0.196483,0.211783,0.0153,stable
card6,0.022148,,,0.0019,0.005967,0.004067,stable
D8,0.020181,0.029382,0.0016921,0.871317,0.85565,-0.015667,stable
V145,0.019322,0.052395,0.0,0.851767,0.8493,-0.002467,stable
entity_card_addr_amt_mean_1h,0.018785,0.04652,0.0,0.75185,0.753133,0.001283,stable
entity_card_amt_sum_168h,0.018739,0.03575,0.0,0.0,0.0,0.0,stable
entity_card_full_amt_mean_1h,0.018705,0.046625,0.0,0.752317,0.7534,0.001083,stable
screen_pixels,0.018444,0.05576,0.0,0.868533,0.859533,-0.009,stable
D2,0.017549,0.071277,0.0,0.48595,0.46405,-0.0219,stable
entity_card_full_amt_mean_24h,0.014818,0.041171,0.0,0.415933,0.436783,0.02085,stable
dist1,0.014656,0.041903,0.0,0.604017,0.574733,-0.029283,stable
entity_card_amt_mean_168h,0.014368,0.037706,0.0,0.0824,0.094417,0.012017,stable
entity_card_addr_amt_mean_24h,0.013921,0.040773,0.0,0.413983,0.434133,0.02015,stable
entity_card_amt_mean_24h,0.01312,0.034329,0.0,0.21455,0.236333,0.021783,stable
D7,0.012855,0.033264,0.00856957,0.937117,0.883417,-0.0537,stable
V164,0.012636,0.066344,0.0,0.851767,0.8493,-0.002467,stable
id_32,0.012633,0.051773,0.0,0.85935,0.859533,0.000183,stable
id_06,0.011922,0.04646,0.0,0.759733,0.736017,-0.023717,stable
entity_card_amt_mean_1h,0.011138,0.03792,0.0,0.576883,0.597617,0.020733,stable
entity_card_amt_sum_24h,0.009536,0.034233,0.0,0.0,0.0,0.0,stable
D14,0.009229,0.035704,3.645e-05,0.896067,0.7743,-0.121767,stable
C10,0.009112,0.025071,0.0,0.0,1.7e-05,1.7e-05,stable
D6,0.009073,0.051222,0.0,0.8777,0.757517,-0.120183,stable
C12,0.008605,0.114888,0.0,0.0,1.7e-05,1.7e-05,stable
D5,0.008358,0.029533,0.0,0.532833,0.44275,-0.090083,stable
entity_card_txn_count_168h,0.008173,0.03935,0.0,0.0,0.0,0.0,stable
V85,0.007359,0.11412,0.0,0.16495,0.02395,-0.141,stable
entity_card_full_txn_count_168h,0.007245,0.03075,0.0,0.0,0.0,0.0,stable
V333,0.007214,0.024688,0.00804618,0.851167,0.84845,-0.002717,stable
D9,0.006944,0.030163,0.00115673,0.871317,0.85565,-0.015667,stable
entity_card_addr_txn_count_168h,0.006943,0.030167,0.0,0.0,0.0,0.0,stable
entity_card_full_seconds_since_prev,0.006935,0.026234,0.0,0.080733,0.076367,-0.004367,stable
D1,0.00693,0.041371,0.0,0.002133,0.011833,0.0097,stable
entity_card_addr_seconds_since_prev,0.006885,0.025999,0.0,0.077967,0.073033,-0.004933,stable
id_17,0.006881,0.041056,0.0,0.755033,0.733733,-0.0213,stable
V64,0.006796,0.122304,0.0,0.1423,0.025183,-0.117117,stable
V165,0.006567,0.079297,0.0,0.851767,0.8493,-0.002467,stable
D3,0.006522,0.027293,0.0,0.458983,0.400367,-0.058617,stable
entity_card_seconds_since_prev,0.006344,0.028396,0.0,0.026817,0.0257,-0.001117,stable
entity_card_txn_count_24h,0.006321,0.036817,0.0,0.0,0.0,0.0,stable
V43,0.006106,0.113517,0.0,0.2956,0.152217,-0.143383,stable
V175,0.005885,0.01852,0.01025178,0.755217,0.7325,-0.022717,stable
V60,0.005652,0.126406,0.0,0.1423,0.025183,-0.117117,stable
V168,0.005563,0.030548,1.18e-06,0.755433,0.731817,-0.023617,stable
C11,0.005514,0.026397,0.0,0.0,1.7e-05,1.7e-05,stable
V81,0.005325,0.118134,0.0,0.16495,0.02395,-0.141,stable
V127,0.005263,0.026105,0.0,0.0002,0.0,-0.0002,stable
V332,0.005207,0.027694,0.00194151,0.851167,0.84845,-0.002717,stable
entity_card_full_txn_count_24h,0.005182,0.0282,0.0,0.0,0.0,0.0,stable
entity_card_addr_txn_count_24h,0.005116,0.02775,0.0,0.0,0.0,0.0,stable
V40,0.004971,0.117914,0.0,0.2956,0.152217,-0.143383,stable
amount_cents,0.00485,0.017017,6e-08,0.0,0.0,0.0,stable
C8,0.004806,0.019771,0.0,0.0,1.7e-05,1.7e-05,stable
entity_card_full_amt_sum_168h,0.004416,0.030083,0.0,0.0,0.0,0.0,stable
V130,0.004415,0.022298,0.0,0.0002,0.0,-0.0002,stable
V225,0.004337,0.010503,0.40272516,0.768267,0.751467,-0.0168,stable
entity_card_addr_amt_sum_168h,0.004264,0.0298,0.0,0.0,0.0,0.0,stable
V234,0.00412,0.028772,5.37e-06,0.751833,0.731717,-0.020117,stable
V96,0.003912,0.023559,0.0,0.0002,0.0,-0.0002,stable
ProductCD,0.003855,,,0.0,0.0,0.0,stable
V159,0.003535,0.066025,0.0,0.851767,0.8493,-0.002467,stable
V171,0.003523,0.02033,0.00348198,0.755217,0.7325,-0.022717,stable
C7,0.003488,0.017119,5e-08,0.0,1.7e-05,1.7e-05,stable
V303,0.003458,0.023183,0.0,0.0,0.0,0.0,stable
V93,0.00343,0.100196,0.0,0.16495,0.02395,-0.141,stable
V50,0.003361,0.097822,0.0,0.2956,0.152217,-0.143383,stable
V174,0.003353,0.016394,0.03205702,0.755217,0.7325,-0.022717,stable
V56,0.003249,0.015861,2.06e-06,0.1423,0.025183,-0.117117,stable
V219,0.003204,0.023835,0.00055385,0.768267,0.751467,-0.0168,stable
V99,0.003191,0.019201,0.0,0.0002,0.0,-0.0002,stable
V124,0.003157,0.015036,2.55e-06,0.0002,0.0,-0.0002,stable
V167,0.003136,0.018809,0.00865144,0.755433,0.731817,-0.023617,stable
V218,0.003127,0.024072,0.00047023,0.768267,0.751467,-0.0168,stable
C14,0.003124,0.018064,1e-08,0.0,1.7e-05,1.7e-05,stable
V72,0.003117,0.111672,0.0,0.1423,0.025183,-0.117117,stable
V78,0.003097,0.015934,2.19e-06,0.16495,0.02395,-0.141,stable
card2,0.003085,0.009651,0.00814232,0.01565,0.01685,0.0012,stable
C9,0.00307,0.019995,0.0,0.0,1.7e-05,1.7e-05,stable
log_amount,0.00297,0.016467,1.7e-07,0.0,0.0,0.0,stable
TransactionAmt,0.00297,0.016467,1.7e-07,0.0,0.0,0.0,stable
V217,0.002955,0.020622,0.00433711,0.768267,0.751467,-0.0168,stable
entity_card_amt_sum_1h,0.002915,0.023333,0.0,0.0,0.0,0.0,stable
V331,0.002913,0.020288,0.04807617,0.851167,0.84845,-0.002717,stable
V80,0.002866,0.118009,0.0,0.16495,0.02395,-0.141,stable
V166,0.002844,0.080718,0.0,0.851767,0.8493,-0.002467,stable
V66,0.002827,0.030221,0.0,0.1423,0.025183,-0.117117,stable
V115,0.002795,0.009577,0.00809576,0.0002,0.0,-0.0002,stable
V277,0.00276,0.017579,0.02315197,0.768267,0.751467,-0.0168,stable
V59,0.002703,0.12636,0.0,0.1423,0.025183,-0.117117,stable
card1,0.002652,0.017183,4e-08,0.0,0.0,0.0,stable
V264,0.002637,0.024072,0.00047023,0.768267,0.751467,-0.0168,stable
C1,0.00262,0.014215,1.074e-05,0.0,1.7e-05,1.7e-05,stable
V304,0.002599,0.023267,0.0,0.0,0.0,0.0,stable
C4,0.002576,0.022004,0.0,0.0,1.7e-05,1.7e-05,stable
V204,0.00252,0.030642,1.08e-06,0.755433,0.731817,-0.023617,stable
V67,0.00252,0.027511,0.0,0.1423,0.025183,-0.117117,stable
id_05,0.002512,0.029726,3.15e-06,0.759733,0.736017,-0.023717,stable
entity_card_full_amt_sum_24h,0.002458,0.024933,0.0,0.0,0.0,0.0,stable
email_domains_match,0.002409,0.0216,0.0,0.0,0.0,0.0,stable
V203,0.002403,0.034772,2e-08,0.755433,0.731817,-0.023617,stable
V84,0.002383,0.113668,0.0,0.16495,0.02395,-0.141,stable
V160,0.002348,0.066246,0.0,0.851767,0.8493,-0.002467,stable
V63,0.002342,0.122182,0.0,0.1423,0.025183,-0.117117,stable
V207,0.002323,0.02054,0.00303572,0.755433,0.731817,-0.023617,stable
entity_card_addr_amt_sum_24h,0.002307,0.024267,0.0,0.0,0.0,0.0,stable
V265,0.002266,0.023835,0.00055385,0.768267,0.751467,-0.0168,stable
V152,0.002247,0.060378,0.0,0.851767,0.8493,-0.002467,stable
n_missing_id,0.002225,0.02475,0.0,0.0,0.0,0.0,stable
V224,0.002152,0.009654,0.51057991,0.768267,0.751467,-0.0168,stable
V222,0.002139,0.042056,0.0,0.751833,0.731717,-0.020117,stable
card3,0.00211,0.009369,0.01046924,0.001867,0.00595,0.004083,stable
C5,0.002108,0.027794,0.0,0.0,1.7e-05,1.7e-05,stable
hour_of_day,0.002089,0.01845,0.0,0.0,0.0,0.0,stable
V77,0.002089,0.010581,0.0046985,0.16495,0.02395,-0.141,stable
V178,0.002078,0.013022,0.14676926,0.755433,0.731817,-0.023617,stable
V149,0.002072,0.005798,0.99796132,0.851767,0.849867,-0.0019,stable
V109,0.002053,0.005747,0.27391315,0.0002,0.0,-0.0002,stable
V229,0.002035,0.023449,0.00072025,0.768267,0.751467,-0.0168,stable
V228,0.002028,0.019293,0.00931195,0.768267,0.751467,-0.0168,stable
V55,0.001989,0.009835,0.0099583,0.1423,0.025183,-0.117117,stable
V317,0.00197,0.014367,8.29e-06,0.0,0.0,0.0,stable
V230,0.001966,0.021984,0.00187994,0.768267,0.751467,-0.0168,stable
id_14,0.001939,0.018589,0.10027675,0.8548,0.85815,0.00335,stable
day_of_week,0.001872,0.019117,0.0,0.0,0.0,0.0,stable
V280,0.001833,0.021533,0.0,0.0,0.0,0.0,stable
V116,0.001797,0.005431,0.33802648,0.0002,0.0,-0.0002,stable
V148,0.001786,0.004745,0.99995085,0.851767,0.849867,-0.0019,stable
V292,0.001784,0.009283,0.01128908,0.0,0.0,0.0,stable
V79,0.001775,0.005051,0.4945197,0.16495,0.02395,-0.141,stable
V23,0.001762,0.00749,0.09192057,0.140717,0.024833,-0.115883,stable
C13,0.001751,0.015974,4.8e-07,0.0,0.009517,0.009517,stable
C6,0.001743,0.010368,0.00313911,0.0,1.7e-05,1.7e-05,stable
V180,0.001697,0.017467,0.0183437,0.755217,0.7325,-0.022717,stable
V39,0.001675,0.117821,0.0,0.2956,0.152217,-0.143383,stable
V179,0.001664,0.011151,0.29344288,0.755433,0.731817,-0.023617,stable
V208,0.001664,0.016394,0.03205702,0.755217,0.7325,-0.022717,stable
addr1,0.001642,0.012359,0.00061458,0.111167,0.125683,0.014517,stable
V128,0.001608,0.015855,5.6e-07,0.0002,0.0,-0.0002,stable
V177,0.001592,0.010237,0.39452861,0.755433,0.731817,-0.023617,stable
V49,0.001581,0.054426,0.0,0.2956,0.152217,-0.143383,stable
V58,0.001552,0.008632,0.03365009,0.1423,0.025183,-0.117117,stable
card5,0.001522,0.017437,3e-08,0.007417,0.00905,0.001633,stable
V91,0.00148,0.060564,0.0,0.16495,0.02395,-0.141,stable
V231,0.001461,0.010966,0.34992885,0.768267,0.751467,-0.0168,stable
V257,0.001431,0.00709,0.85983625,0.768267,0.751467,-0.0168,stable
V176,0.00142,0.020958,0.00232535,0.755433,0.731817,-0.023617,stable
V100,0.001413,0.008174,0.03611795,0.0002,0.0,-0.0002,stable
V189,0.001383,0.013288,0.13206374,0.755217,0.7325,-0.022717,stable
V97,0.001377,0.015855,5.6e-07,0.0002,0.0,-0.0002,stable
V114,0.001347,0.003682,0.80942581,0.0002,0.0,-0.0002,stable
V125,0.001309,0.007226,0.08680393,0.0002,0.0,-0.0002,stable
V110,0.001261,0.003249,0.90850419,0.0002,0.0,-0.0002,stable
V92,0.001228,0.100165,0.0,0.16495,0.02395,-0.141,stable
C2,0.001227,0.009624,0.00766476,0.0,1.7e-05,1.7e-05,stable
entity_card_txn_count_1h,0.001213,0.020733,0.0,0.0,0.0,0.0,stable
V42,0.001204,0.113169,0.0,0.2956,0.152217,-0.143383,stable
V236,0.001195,0.017579,0.02315197,0.768267,0.751467,-0.0168,stable
V258,0.001193,0.00721,0.84587146,0.768267,0.751467,-0.0168,stable
V71,0.001185,0.111941,0.0,0.1423,0.025183,-0.117117,stable
V22,0.001172,0.118459,0.0,0.140717,0.024833,-0.115883,stable
V324,0.001165,0.015376,0.23377739,0.851167,0.84845,-0.002717,stable
V157,0.001163,0.007458,0.96236473,0.851767,0.849867,-0.0019,stable
V210,0.00116,0.018566,0.00998521,0.755217,0.7325,-0.022717,stable
V86,0.001146,0.007334,0.1089974,0.16495,0.02395,-0.141,stable
V18,0.001137,0.123508,0.0,0.140717,0.024833,-0.115883,stable
V32,0.001133,0.110508,0.0,0.140717,0.024833,-0.115883,stable
V323,0.001119,0.014994,0.25946777,0.851167,0.84845,-0.002717,stable
V307,0.001109,0.018817,0.0,0.0,0.0,0.0,stable
V308,0.001093,0.021533,0.0,0.0,0.0,0.0,stable
V3,0.001031,0.008001,0.23611755,0.518733,0.345967,-0.172767,stable
V90,0.001029,0.060351,0.0,0.16495,0.02395,-0.141,stable
V20,0.001027,0.040518,0.0,0.140717,0.024833,-0.115883,stable
V263,0.000997,0.020622,0.00433711,0.768267,0.751467,-0.0168,stable
V30,0.000976,0.05324,0.0,0.140717,0.024833,-0.115883,stable
V48,0.000965,0.054151,0.0,0.2956,0.152217,-0.143383,stable
V119,0.000914,0.0011,1.0,0.0002,0.0,-0.0002,stable
V108,0.000882,0.002166,0.99891527,0.0002,0.0,-0.0002,stable
V70,0.000878,0.052733,0.0,0.1423,0.025183,-0.117117,stable
V202,0.000838,0.018895,0.00823013,0.755433,0.731817,-0.023617,stable
V287,0.000836,0.009617,0.00773381,0.0,0.0,0.0,stable
id_09,0.000829,0.00668,0.99257073,0.871317,0.85565,-0.015667,stable
V123,0.000798,0.004595,0.54935967,0.0002,0.0,-0.0002,stable
V17,0.000781,0.12339,0.0,0.140717,0.024833,-0.115883,stable
V310,0.000779,0.007917,0.04630135,0.0,0.0,0.0,stable
V233,0.000769,0.012186,0.23372131,0.768267,0.751467,-0.0168,stable
V112,0.000766,0.002116,0.99926827,0.0002,0.0,-0.0002,stable
V118,0.000764,0.001266,1.0,0.0002,0.0,-0.0002,stable
V279,0.000746,0.01465,5.06e-06,0.0,0.0,0.0,stable
V122,0.000745,0.001333,1.0,0.0002,0.0,-0.0002,stable
V201,0.00074,0.013288,0.13206374,0.755217,0.7325,-0.022717,stable
V121,0.000739,0.001982,0.99977993,0.0002,0.0,-0.0002,stable
V7,0.00072,0.006542,0.47282731,0.518733,0.345967,-0.172767,stable
V306,0.000713,0.01465,5.06e-06,0.0,0.0,0.0,stable
V158,0.000705,0.006217,0.99462345,0.851767,0.849867,-0.0019,stable
V131,0.000691,0.00977,0.00647704,0.0002,0.0,-0.0002,stable
V255,0.000691,0.041944,0.0,0.751833,0.731717,-0.020117,stable
V35,0.000689,0.022871,0.0,0.2956,0.152217,-0.143383,stable
V283,0.000689,0.026419,0.0,0.002133,0.011833,0.0097,stable
V38,0.000678,0.007699,0.12888047,0.2956,0.152217,-0.143383,stable
entity_card_full_txn_count_1h,0.000672,0.007167,0.09131823,0.0,0.0,0.0,stable
entity_card_addr_txn_count_1h,0.00067,0.007117,0.09531826,0.0,0.0,0.0,stable
V302,0.000661,0.023367,0.0,0.0,0.0,0.0,stable
V69,0.000633,0.051563,0.0,0.1423,0.025183,-0.117117,stable
V322,0.000616,0.006525,0.98987449,0.851167,0.84845,-0.002717,stable
V57,0.000598,0.008967,0.02436157,0.1423,0.025183,-0.117117,stable
V111,0.000594,0.001333,1.0,0.0002,0.0,-0.0002,stable
V294,0.000583,0.011717,0.00052523,0.0,0.0,0.0,stable
V87,0.000582,0.006384,0.2201106,0.16495,0.02395,-0.141,stable
V113,0.000581,0.001499,0.99999988,0.0002,0.0,-0.0002,stable
V170,0.00057,0.013394,0.12645406,0.755217,0.7325,-0.022717,stable
V285,0.000562,0.007917,0.04630135,0.0,0.0,0.0,stable
V24,0.00056,0.005265,0.43172596,0.140717,0.024833,-0.115883,stable
V232,0.000553,0.011621,0.28346194,0.768267,0.751467,-0.0168,stable
V126,0.000542,0.007941,0.04527385,0.0002,0.0,-0.0002,stable
V153,0.000483,0.002007,1.0,0.851767,0.849867,-0.0019,stable
V25,0.000471,0.027668,0.0,0.140717,0.024833,-0.115883,stable
V74,0.000464,0.028272,0.0,0.1423,0.025183,-0.117117,stable
V21,0.000463,0.118427,0.0,0.140717,0.024833,-0.115883,stable
V2,0.000461,0.00411,0.94023332,0.518733,0.345967,-0.172767,stable
V52,0.000444,0.015484,3.084e-05,0.2956,0.152217,-0.143383,stable
V13,0.000425,0.01496,9.31e-06,0.140717,0.024833,-0.115883,stable
V54,0.000382,0.028783,0.0,0.1423,0.025183,-0.117117,stable
V155,0.000371,0.002308,1.0,0.851767,0.849867,-0.0019,stable
V47,0.000371,0.003508,0.93795779,0.2956,0.152217,-0.143383,stable
V209,0.000361,0.018227,0.01209523,0.755217,0.7325,-0.022717,stable
V120,0.00036,0.00075,1.0,0.0002,0.0,-0.0002,stable
V46,0.000346,0.002669,0.99645866,0.2956,0.152217,-0.143383,stable
V282,0.000336,0.02639,0.0,0.002133,0.011833,0.0097,stable
V31,0.000336,0.110479,0.0,0.140717,0.024833,-0.115883,stable
V139,0.000323,0.006501,0.99066502,0.851767,0.849867,-0.0019,stable
V117,0.000319,0.00055,1.0,0.0002,0.0,-0.0002,stable
V195,0.000293,0.013288,0.13206374,0.755217,0.7325,-0.022717,stable
V73,0.000289,0.016187,1.16e-06,0.1423,0.025183,-0.117117,stable
V95,0.000288,0.007941,0.04527385,0.0002,0.0,-0.0002,stable
V156,0.000276,0.003084,1.0,0.851767,0.849867,-0.0019,stable
V75,0.000271,0.010478,0.00528621,0.16495,0.02395,-0.141,stable
V312,0.000252,0.009617,0.00773381,0.0,0.0,0.0,stable
V221,0.000237,0.041944,0.0,0.751833,0.731717,-0.020117,stable
V19,0.000218,0.0469,0.0,0.140717,0.024833,-0.115883,stable
V154,0.000208,0.002091,1.0,0.851767,0.849867,-0.0019,stable
V261,0.000208,0.003825,0.99992827,0.768267,0.751467,-0.0168,stable
V288,0.000199,0.001686,0.99999556,0.002133,0.011833,0.0097,stable
V268,0.000197,0.007793,0.77161695,0.768267,0.751467,-0.0168,stable
V33,0.000189,0.021389,0.0,0.140717,0.024833,-0.115883,stable
V37,0.000185,0.003355,0.95658618,0.2956,0.152217,-0.143383,stable
V6,0.000183,0.002614,0.99984452,0.518733,0.345967,-0.172767,stable
V291,0.000165,0.0082,0.03519837,0.0,0.0,0.0,stable
V197,0.000164,0.013394,0.12645406,0.755217,0.7325,-0.022717,stable
V9,0.000162,0.002347,0.99998681,0.518733,0.345967,-0.172767,stable
D13,0.00016,0.007102,0.98098279,0.898467,0.758433,-0.140033,stable
V251,0.000155,0.042056,0.0,0.751833,0.731717,-0.020117,stable
V76,0.000154,0.001729,0.99999775,0.16495,0.02395,-0.141,stable
V198,0.000154,0.013288,0.13206374,0.755217,0.7325,-0.022717,stable
V315,0.000153,0.006013,0.23070016,0.002133,0.011833,0.0097,stable
V140,0.000147,0.004172,0.99999826,0.851767,0.849867,-0.0019,stable
V51,0.000122,0.008254,0.08561794,0.2956,0.152217,-0.143383,stable
V211,0.000108,0.00771,0.74857777,0.755433,0.731817,-0.023617,stable
V260,0.000106,0.001778,1.0,0.768267,0.751467,-0.0168,stable
V313,0.000104,0.005944,0.24235963,0.002133,0.011833,0.0097,stable
V29,0.000101,0.052046,0.0,0.140717,0.024833,-0.115883,stable
V314,8.2e-05,0.007458,0.07237789,0.002133,0.011833,0.0097,stable
V34,7.6e-05,0.029377,0.0,0.140717,0.024833,-0.115883,stable
V5,7.6e-05,0.009138,0.12353931,0.518733,0.345967,-0.172767,stable
V262,6e-05,0.001895,1.0,0.768267,0.751467,-0.0168,stable
V62,5.6e-05,0.042,0.0,0.1423,0.025183,-0.117117,stable
V267,5.5e-05,0.008547,0.66599775,0.768267,0.751467,-0.0168,stable
V256,5.1e-05,0.042056,0.0,0.751833,0.731717,-0.020117,stable
V212,5e-05,0.012443,0.18404463,0.755433,0.731817,-0.023617,stable
V61,5e-05,0.048467,0.0,0.1423,0.025183,-0.117117,stable
id_03,4.7e-05,0.003015,1.0,0.8876,0.871417,-0.016183,stable
V289,4.6e-05,0.001842,0.99995777,0.002133,0.011833,0.0097,stable
V83,4.4e-05,0.015829,2.63e-06,0.16495,0.02395,-0.141,stable
V53,4e-05,0.044332,0.0,0.1423,0.025183,-0.117117,stable
V188,3.7e-05,0.013394,0.12645406,0.755217,0.7325,-0.022717,stable
entity_card_full_amt_sum_1h,3.2e-05,0.004317,0.62947649,0.0,0.0,0.0,stable
V26,3.2e-05,0.025499,0.0,0.140717,0.024833,-0.115883,stable
entity_card_addr_amt_sum_1h,3.2e-05,0.0045,0.57636376,0.0,0.0,0.0,stable
V273,2.6e-05,0.009485,0.53365425,0.768267,0.751467,-0.0168,stable
V8,2.2e-05,0.00067,1.0,0.518733,0.345967,-0.172767,stable
V245,2e-05,0.041944,0.0,0.751833,0.731717,-0.020117,stable
addr2,1.9e-05,0.001981,0.9999425,0.111167,0.125683,0.014517,stable
V274,1.8e-05,0.008853,0.62222624,0.768267,0.751467,-0.0168,stable
V213,1.7e-05,0.009717,0.46047494,0.755433,0.731817,-0.023617,stable
V275,1.4e-05,0.008976,0.60479889,0.768267,0.751467,-0.0168,stable
V4,1.2e-05,0.011228,0.02993472,0.518733,0.345967,-0.172767,stable
V12,1.1e-05,0.027113,0.0,0.140717,0.024833,-0.115883,stable
V45,1.1e-05,0.003504,0.93838872,0.2956,0.152217,-0.143383,stable
V259,5e-06,0.041944,0.0,0.751833,0.731717,-0.020117,stable
V82,4e-06,0.020195,0.0,0.16495,0.02395,-0.141,stable
V44,3e-06,0.002078,0.99996362,0.2956,0.152217,-0.143383,stable
V36,1e-06,0.012492,0.00147469,0.2956,0.152217,-0.143383,stable
V200,1e-06,0.013394,0.12645406,0.755217,0.7325,-0.022717,stable
V250,1e-06,0.041944,0.0,0.751833,0.731717,-0.020117,stable
V10,1e-06,0.016545,0.00021928,0.518733,0.345967,-0.172767,stable
V11,1e-06,0.016007,0.00039273,0.518733,0.345967,-0.172767,stable
V194,0.0,0.013394,0.12645406,0.755217,0.7325,-0.022717,stable
V15,0.0,0.013622,7.584e-05,0.140717,0.024833,-0.115883,stable
V16,0.0,0.013636,7.419e-05,0.140717,0.024833,-0.115883,stable
V305,0.0,0.0,1.0,0.0,0.0,0.0,stable
